{"info":{},"categories":{"label":{"labels":[{"name":"vehicle","parent":"","attributes":[]}],"attributes":["occluded"]},"points":{"items":[]}},"items":[{"id":"frame_000000","annotations":[],"attr":{"frame":0},"point_cloud":{"path":""}},{"id":"frame_000001","annotations":[],"attr":{"frame":1},"point_cloud":{"path":""}},{"id":"frame_000002","annotations":[],"attr":{"frame":2},"point_cloud":{"path":""}},{"id":"frame_000003","annotations":[],"attr":{"frame":3},"point_cloud":{"path":""}},{"id":"frame_000004","annotations":[],"attr":{"frame":4},"point_cloud":{"path":""}},{"id":"frame_000005","annotations":[],"attr":{"frame":5},"point_cloud":{"path":""}},{"id":"frame_000006","annotations":[],"attr":{"frame":6},"point_cloud":{"path":""}},{"id":"frame_000007","annotations":[],"attr":{"frame":7},"point_cloud":{"path":""}},{"id":"frame_000008","annotations":[],"attr":{"frame":8},"point_cloud":{"path":""}},{"id":"frame_000009","annotations":[],"attr":{"frame":9},"point_cloud":{"path":""}},{"id":"frame_000010","annotations":[],"attr":{"frame":10},"point_cloud":{"path":""}},{"id":"frame_000011","annotations":[],"attr":{"frame":11},"point_cloud":{"path":""}},{"id":"frame_000012","annotations":[],"attr":{"frame":12},"point_cloud":{"path":""}},{"id":"frame_000013","annotations":[],"attr":{"frame":13},"point_cloud":{"path":""}},{"id":"frame_000014","annotations":[],"attr":{"frame":14},"point_cloud":{"path":""}},{"id":"frame_000015","annotations":[],"attr":{"frame":15},"point_cloud":{"path":""}},{"id":"frame_000016","annotations":[],"attr":{"frame":16},"point_cloud":{"path":""}},{"id":"frame_000017","annotations":[],"attr":{"frame":17},"point_cloud":{"path":""}},{"id":"frame_000018","annotations":[],"attr":{"frame":18},"point_cloud":{"path":""}},{"id":"frame_000019","annotations":[],"attr":{"frame":19},"point_cloud":{"path":""}},{"id":"frame_000020","annotations":[],"attr":{"frame":20},"point_cloud":{"path":""}},{"id":"frame_000021","annotations":[],"attr":{"frame":21},"point_cloud":{"path":""}},{"id":"frame_000022","annotations":[],"attr":{"frame":22},"point_cloud":{"path":""}},{"id":"frame_000023","annotations":[],"attr":{"frame":23},"point_cloud":{"path":""}},{"id":"frame_000024","annotations":[],"attr":{"frame":24},"point_cloud":{"path":""}},{"id":"frame_000025","annotations":[],"attr":{"frame":25},"point_cloud":{"path":""}},{"id":"frame_000026","annotations":[],"attr":{"frame":26},"point_cloud":{"path":""}},{"id":"frame_000027","annotations":[],"attr":{"frame":27},"point_cloud":{"path":""}},{"id":"frame_000028","annotations":[],"attr":{"frame":28},"point_cloud":{"path":""}},{"id":"frame_000029","annotations":[],"attr":{"frame":29},"point_cloud":{"path":""}},{"id":"frame_000030","annotations":[],"attr":{"frame":30},"point_cloud":{"path":""}},{"id":"frame_000031","annotations":[],"attr":{"frame":31},"point_cloud":{"path":""}},{"id":"frame_000032","annotations":[],"attr":{"frame":32},"point_cloud":{"path":""}},{"id":"frame_000033","annotations":[],"attr":{"frame":33},"point_cloud":{"path":""}},{"id":"frame_000034","annotations":[],"attr":{"frame":34},"point_cloud":{"path":""}},{"id":"frame_000035","annotations":[],"attr":{"frame":35},"point_cloud":{"path":""}},{"id":"frame_000036","annotations":[],"attr":{"frame":36},"point_cloud":{"path":""}},{"id":"frame_000037","annotations":[],"attr":{"frame":37},"point_cloud":{"path":""}},{"id":"frame_000038","annotations":[],"attr":{"frame":38},"point_cloud":{"path":""}},{"id":"frame_000039","annotations":[],"attr":{"frame":39},"point_cloud":{"path":""}},{"id":"frame_000040","annotations":[],"attr":{"frame":40},"point_cloud":{"path":""}},{"id":"frame_000041","annotations":[],"attr":{"frame":41},"point_cloud":{"path":""}},{"id":"frame_000042","annotations":[],"attr":{"frame":42},"point_cloud":{"path":""}},{"id":"frame_000043","annotations":[],"attr":{"frame":43},"point_cloud":{"path":""}}]}